{
    "filterGroups":[
        {
            "file":"lsq_filter_Food_3.gfilter",
            "name":"lsq_filter_group_Food",
            "default_filter_id":32,
            "filters":[
                {
                    "id":31,
                    "name":"lsq_filter_Abao",
                    "color":"#18BC9C",
                    "args":{
                        "mixied":0.7
                    }
                },
                {
                    "id":32,
                    "name":"lsq_filter_Thick",
                    "color":"#18BC9C",
                    "args":{
                        "mixied":0.65
                    }
                },
                {
                    "id":33,
                    "name":"lsq_filter_Vintage",
                    "color":"#18BC9C",
                    "args":{
                        "mixied":0.7
                    }
                },
                {
                    "id":34,
                    "name":"lsq_filter_Nostalgic",
                    "color":"#18BC9C",
                    "args":{
                        "mixied":0.65
                    }
                },
                {
                    "id":35,
                    "name":"lsq_filter_Forest",
                    "color":"#18BC9C",
                    "args":{
                        "mixied":0.45
                    }
                }
            ]
        },
        {
            "file":"lsq_filter_Glare_5.gfilter",
            "name":"lsq_filter_group_Glare",
            "default_filter_id":57,
            "filters":[
                {
                    "id":51,
                    "name":"lsq_filter_Wintersunshine",
                    "color":"#FFA500",
                    "args":{
                        "mixied":0.8
                    }
                },
                {
                    "id":52,
                    "name":"lsq_filter_Coloration",
                    "color":"#FFA500",
                    "args":{
                        "mixied":0.8
                    }
                },
                {
                    "id":53,
                    "name":"lsq_filter_Fluorescent",
                    "color":"#FFA500",
                    "args":{
                        "mixied":0.8
                    }
                },
                {
                    "id":54,
                    "name":"lsq_filter_Freshmorning",
                    "color":"#FFA500",
                    "args":{
                        "mixied":0.8
                    }
                },
                {
                    "id":55,
                    "name":"lsq_filter_Holidaysunshine",
                    "color":"#FFA500",
                    "args":{
                        "mixied":0.8
                    }
                },
                {
                    "id":56,
                    "name":"lsq_filter_Purplemoon",
                    "color":"#FFA500",
                    "args":{
                        "mixied":0.8
                    }
                },
                {
                    "id":57,
                    "name":"lsq_filter_Summersunshine",
                    "color":"#FFA500",
                    "args":{
                        "mixied":0.8
                    }
                }
            ]
        },
        {
            "file":"lsq_filter_Beauty_6.gfilter",
            "name":"lsq_filter_group_Beauty",
            "default_filter_id":65,
            "filters":[
                {
                    "id":61,
                    "name":"lsq_filter_SkinNature",
                    "color":"#E9807E",
                    "args":{
                        "smoothing":0.3
                    }
                },
                {
                    "id":62,
                    "name":"lsq_filter_SkinPink",
                    "color":"#E9807E",
                    "args":{
                        "smoothing":0.5,
                        "mixied":0.3
                    }
                },
                {
                    "id":63,
                    "name":"lsq_filter_SkinJelly",
                    "color":"#E9807E",
                    "args":{
                        "smoothing":0.6,
                        "mixied":0.4
                    }
                },
                {
                    "id":64,
                    "name":"lsq_filter_SkinNoir",
                    "color":"#E9807E",
                    "args":{
                        "smoothing":0.5,
                        "mixied":1
                    }
                },
                {
                    "id":65,
                    "name":"lsq_filter_SkinRuddy",
                    "color":"#E9807E",
                    "args":{
                        "smoothing":0.45,
                        "mixied":0.25
                    }
                },
                {
                    "id":66,
                    "name":"lsq_filter_SkinSugar",
                    "color":"#E9807E",
                    "args":{
                        "smoothing":0.6,
                        "mixied":0.3
                    }
                },
                {
                    "id":67,
                    "name":"lsq_filter_SkinPowder",
                    "color":"#E9807E",
                    "args":{
                        "smoothing":0.45,
                        "mixied":0.4
                    }
                }
            ]
        }
    ],
    "stickerCategories":[
        {
            "id":1,
            "name":"\u8d34\u7eb8"
        },
        {
            "id":2,
            "name":"\u5fc3\u60c5"
        },
        {
            "id":3,
            "name":"\u6c34\u5370"
        }
    ],
    "stickerGroups":[
        {
            "file":"lsq_sticker_2_911.gsce",
            "name":"\u660e\u661f\u8138",
            "stickers":[
                {
                    "id":6682
                },
                {
                    "id":6683
                },
                {
                    "id":6684
                },
                {
                    "id":6685
                },
                {
                    "id":6686
                },
                {
                    "id":6687
                },
                {
                    "id":6688
                },
                {
                    "id":6689
                }
            ]
        },
        {
            "file":"lsq_sticker_1_909.gsce",
            "name":"cosplay",
            "stickers":[
                {
                    "id":6673
                },
                {
                    "id":6674
                },
                {
                    "id":6675
                },
                {
                    "id":6676
                },
                {
                    "id":6677
                },
                {
                    "id":6678
                },
                {
                    "id":6679
                },
                {
                    "id":6680
                }
            ]
        }
    ],
    "master":"sn6cHKmOD6EDg1g41nJ5IuRIRIjf7K4bnV31YgMcVC6lh813c\/OIgLcQKpYwR3rtHK7RNSaiHHTrI7y9Yf3J9\/+7acX6MpLMKPep0YpUJ0E1Z0KAZF3N0uGiFXbLFPIxxTS+3AdnJKvrAZiRPZ5uLJXJEEIRl+x6XdzmFs2p+B0l4IeZhvqigp6IuYBt35EAeHUonZikgOSmNqyDZePhNvDIwCgLlI5o7mHIaiki7jRpYyxh20UT3GRkhxlyVpXYgQW1Kx\/blVqeLY4PvBJxaqu8wnNEbVS\/ab1BlHPmvKuU0bZQl2gM1HNBU9sBSDtD2BhcUFY91M68\/eDiYNCt0KyDedAWJJEH2xdoG6Op+z6eyR\/ea0dz789SW0tb8RgdTVEbUo8O0zgMX2y3TTZzJre47QYUVPJZsWYxTM7pagHpLw1FbjXUdkNq2BAyTfPSXvPV8YMnnBNCh5FnwgDh3aftNM2lv0FP\/qweh2BXw5kEWgy4basfUV6gSztN8xMWhIhe693opF0GdnEVk8+cwKi47M0HVYQDZbD0dZKljcjAmRVj59HAFJDKzQXPZ0C3\/vk7TPuJoOnTUnzrQW0PrkNXjE81lMZYnSscmtCLRJtnsxAA5CEuH2uN3iyhpGZhG3aelwpOzADOC\/8jdFV563DPb853qcWIoFe9tyREdG0IqPR\/ldYgGPsnbVT29oXeTilkfT8d0\/tE1mK0+QkO0JSEHXu3fCbCFI3T97\/HS77gpiSNg7CJm6Ei648P7FYquc5rjyrzDsqHcKk3t7lMLsl\/bY8OdU4JRlhUSO8eSi0=34A5C28818"
}